time_utc,board_temp,board_volts_core,board_volts_sdram_c,board_volts_sdram_i,board_volts_sdram_p,board_throttled,gps_latitude,gps_longitude,gps_altitude,gps_ascending_rate,gps_speed,gps_heading,capsule_temp,capsule_humidity,capsule_pressure,capsule_baro_altitude,out_temp,out_humidity,out_pressure,out_baro_altitude
2021-04-27T19:35:52.663+00:00,35.8,1.35,1.2,1.2,1.225,0x0,47.074600,7.307700,628.28,5.00,57.83,257.33,24.56,32.13,951.92618,465.90,24.70,29.85,951.12899,466.52
2021-04-27T19:35:55.409+00:00,39.0,1.35,1.2,1.2,1.225,0x0,47.074600,7.307700,885.15,5.00,57.83,257.33,24.53,32.14,951.90482,466.41,24.69,29.75,951.10424,466.39
2021-04-27T19:35:57.926+00:00,40.1,1.35,1.2,1.2,1.225,0x0,47.074600,7.307700,1049.87,5.00,57.83,257.33,24.53,31.98,951.91813,466.04,24.69,29.73,951.10704,466.46
2021-04-27T19:36:00.448+00:00,40.6,1.2,1.2,1.2,1.225,0x0,47.074600,7.307700,1430.54,5.00,57.83,257.33,24.59,31.99,951.94557,465.74,24.73,29.63,951.10529,466.31
2021-04-27T19:36:03.158+00:00,42.2,1.35,1.2,1.2,1.225,0x0,47.074600,7.307700,1597.01,5.00,57.83,257.33,24.54,31.99,951.92784,466.12,24.71,29.76,951.10086,466.48
2021-04-27T19:36:05.714+00:00,43.3,1.2,1.2,1.2,1.225,0x0,47.074600,7.307700,1841.63,5.00,57.83,257.33,24.54,31.96,951.93947,466.03,24.69,29.74,951.10366,466.49
2021-04-27T19:36:08.235+00:00,42.2,1.35,1.2,1.2,1.225,0x0,47.074600,7.307700,2189.23,5.00,57.83,257.33,24.54,31.97,951.93281,465.86,24.69,29.66,951.10424,466.33
2021-04-27T19:36:10.766+00:00,42.8,1.35,1.2,1.2,1.225,0x0,47.074600,7.307700,2415.95,5.00,57.83,257.33,24.59,31.99,951.94558,465.78,24.70,29.69,951.10635,466.47
2021-04-27T19:36:13.458+00:00,43.3,1.35,1.2,1.2,1.225,0x0,47.074600,7.307700,2631.65,5.00,57.83,257.33,24.55,31.92,951.94115,465.86,24.70,29.75,951.09801,466.69
2021-04-27T19:36:15.994+00:00,43.9,1.35,1.2,1.2,1.225,0x0,47.074600,7.307700,2814.30,5.00,57.83,257.33,24.54,31.93,951.94809,465.96,24.70,29.56,951.08957,466.39
2021-04-27T19:36:18.580+00:00,43.3,1.2,1.2,1.2,1.225,0x0,47.074600,7.307700,3321.82,5.00,57.83,257.33,24.54,31.79,951.93782,465.51,24.69,29.57,951.13907,466.24
2021-04-27T19:36:21.113+00:00,43.3,1.2,1.2,1.2,1.225,0x0,47.074600,7.307700,3549.11,5.00,57.83,257.33,24.54,31.86,951.93531,465.88,24.70,29.63,951.08392,466.21
2021-04-27T19:36:24.079+00:00,44.4,1.35,1.2,1.2,1.225,0x0,47.074600,7.307700,3683.25,5.00,57.83,257.33,24.55,31.90,951.91786,465.84,24.70,29.63,951.09574,466.37
2021-04-27T19:36:26.622+00:00,44.4,1.2,1.2,1.2,1.225,0x0,47.074600,7.307700,4068.91,5.00,57.83,257.33,24.54,31.90,951.92117,466.02,24.71,29.60,951.11263,466.73
2021-04-27T19:36:29.150+00:00,44.4,1.35,1.2,1.2,1.225,0x0,47.074600,7.307700,4234.23,5.00,57.83,257.33,24.55,31.93,951.90952,465.82,24.70,29.58,951.08957,466.56
2021-04-27T19:36:31.672+00:00,44.4,1.2,1.2,1.2,1.225,0x0,47.074600,7.307700,4441.59,5.00,57.83,257.33,24.54,31.94,951.92950,466.10,24.70,29.61,951.11099,466.48
2021-04-27T19:36:34.248+00:00,44.4,1.35,1.2,1.2,1.225,0x0,47.074600,7.307700,4873.12,5.00,57.83,257.33,24.57,31.93,951.91590,466.00,24.71,29.62,951.09458,466.40
2021-04-27T19:36:36.805+00:00,44.4,1.35,1.2,1.2,1.225,0x0,47.074600,7.307700,5133.49,5.00,57.83,257.33,24.54,31.93,951.95447,465.92,24.71,29.67,951.11712,466.05
2021-04-27T19:36:39.320+00:00,44.4,1.35,1.2,1.2,1.225,0x0,47.074600,7.307700,5303.80,5.00,57.83,257.33,24.53,31.91,951.92451,466.00,24.70,29.68,951.10139,466.40
2021-04-27T19:36:41.840+00:00,45.5,1.35,1.2,1.2,1.225,0x0,47.074600,7.307700,5497.79,5.00,57.83,257.33,24.53,31.88,951.93116,465.97,24.70,29.57,951.11712,466.21
2021-04-27T19:36:44.355+00:00,44.9,1.35,1.2,1.2,1.225,0x0,47.074600,7.307700,5900.27,5.00,57.83,257.33,24.59,31.88,951.94557,465.76,24.73,29.57,951.09848,466.38
2021-04-27T19:36:46.909+00:00,45.5,1.35,1.2,1.2,1.225,0x0,47.074600,7.307700,6149.34,5.00,57.83,257.33,24.55,31.93,951.94615,465.89,24.71,29.61,951.10192,466.32
2021-04-27T19:36:49.436+00:00,44.4,1.35,1.2,1.2,1.225,0x0,47.074600,7.307700,6400.88,5.00,57.83,257.33,24.54,31.81,951.94946,465.84,24.71,29.71,951.12160,466.29
2021-04-27T19:36:51.979+00:00,45.5,1.2,1.2,1.2,1.225,0x0,47.074600,7.307700,6645.23,5.00,57.83,257.33,24.54,31.86,951.96445,465.78,24.71,29.60,951.11036,466.32
2021-04-27T19:36:54.513+00:00,44.9,1.2,1.2,1.2,1.225,0x0,47.074600,7.307700,7028.56,5.00,57.83,257.33,24.60,31.90,951.93867,465.73,24.73,29.36,951.10466,466.34
2021-04-27T19:36:57.249+00:00,46.5,1.35,1.2,1.2,1.225,0x0,47.074600,7.307700,7252.48,5.00,57.83,257.33,24.56,31.86,951.95114,465.79,24.72,29.58,951.12778,466.42
2021-04-27T19:36:59.747+00:00,47.1,1.35,1.2,1.2,1.225,0x0,47.074600,7.307700,7473.02,5.00,57.83,257.33,24.54,32.00,951.97443,465.86,24.72,29.59,951.10698,466.47
2021-04-27T19:37:02.261+00:00,45.5,1.2,1.2,1.2,1.225,0x0,47.074600,7.307700,7824.95,5.00,57.83,257.33,24.53,32.02,951.91951,465.70,24.71,29.58,951.10302,466.17
2021-04-27T19:37:04.787+00:00,46.0,1.2,1.2,1.2,1.225,0x0,47.074600,7.307700,8028.60,5.00,57.83,257.33,24.54,32.01,951.94612,465.75,24.72,29.51,951.10529,466.48
2021-04-27T19:37:07.323+00:00,47.6,1.35,1.2,1.2,1.225,0x0,47.074600,7.307700,8277.26,5.00,57.83,257.33,24.58,31.89,951.92893,465.86,24.73,29.58,951.13453,466.34
2021-04-27T19:37:09.931+00:00,46.5,1.35,1.2,1.2,1.225,0x0,47.074600,7.307700,8503.09,5.00,57.83,257.33,24.55,31.94,951.91785,465.84,24.72,29.58,951.09236,466.38
2021-04-27T19:37:12.436+00:00,47.6,1.35,1.2,1.2,1.225,0x0,47.074600,7.307700,8959.47,5.00,57.83,257.33,24.54,31.93,951.92478,465.86,24.71,29.58,951.10587,466.06
2021-04-27T19:37:14.962+00:00,47.1,1.2,1.2,1.2,1.225,0x0,47.074600,7.307700,9125.36,5.00,57.83,257.33,24.53,31.84,951.96444,465.79,24.70,29.58,951.10023,466.27
2021-04-27T19:37:17.492+00:00,44.9,1.35,1.2,1.2,1.225,0x0,47.074600,7.307700,9324.21,5.00,57.83,257.33,24.53,32.14,951.95140,465.85,24.71,29.60,951.11321,466.11
2021-04-27T19:37:20.224+00:00,47.1,1.35,1.2,1.2,1.225,0x0,47.074600,7.307700,9698.79,5.00,57.83,257.33,24.55,31.99,951.95583,465.81,24.71,29.61,951.09854,466.39
2021-04-27T19:37:22.739+00:00,48.7,1.35,1.2,1.2,1.225,0x0,47.074600,7.307700,9967.07,5.00,57.83,257.33,24.54,32.02,951.93478,465.81,24.71,29.62,951.08334,466.48
2021-04-27T19:37:25.304+00:00,47.6,1.35,1.2,1.2,1.225,0x0,47.074600,7.307700,10191.84,5.00,57.83,257.33,24.53,31.96,951.94975,466.08,24.71,29.61,951.10587,466.59
2021-04-27T19:37:27.823+00:00,48.7,1.35,1.2,1.2,1.225,0x0,47.074600,7.307700,10386.31,5.00,57.83,257.33,24.53,31.89,951.94005,465.85,24.70,29.65,951.09970,466.22
2021-04-27T19:37:30.349+00:00,47.1,1.35,1.2,1.2,1.225,0x0,47.074600,7.307700,10713.35,5.00,57.83,257.33,24.59,31.93,951.91481,465.70,24.72,29.60,951.11258,466.32
2021-04-27T19:37:33.070+00:00,48.2,1.35,1.2,1.2,1.225,0x0,47.074600,7.307700,10884.20,5.00,57.83,257.33,24.53,31.93,951.93145,465.87,24.71,29.63,951.11485,466.54
2021-04-27T19:37:35.587+00:00,47.6,1.2,1.2,1.2,1.225,0x0,47.074600,7.307700,11118.25,5.00,57.83,257.33,24.53,31.85,951.94446,465.67,24.71,29.67,951.11485,466.28
2021-04-27T19:37:38.121+00:00,47.6,1.35,1.2,1.2,1.225,0x0,47.074600,7.307700,11240.40,5.00,57.83,257.33,24.54,32.00,951.96971,465.80,24.70,29.64,951.11712,466.32
2021-04-27T19:37:40.650+00:00,48.7,1.35,1.2,1.2,1.225,0x0,47.074600,7.307700,11584.68,5.00,57.83,257.33,24.53,31.94,951.94528,465.73,24.75,29.56,951.12376,466.35
2021-04-27T19:37:43.384+00:00,48.7,1.35,1.2,1.2,1.225,0x0,47.074600,7.307700,11734.32,5.00,57.83,257.33,24.54,31.98,951.94809,465.77,24.72,29.64,951.08841,466.38
2021-04-27T19:37:45.915+00:00,47.1,1.35,1.2,1.2,1.225,0x0,47.074600,7.307700,11986.53,5.00,57.83,257.33,24.53,31.99,951.94807,465.90,24.71,29.52,951.07658,466.40
2021-04-27T19:37:48.486+00:00,47.6,1.2,1.2,1.2,1.225,0x0,47.074600,7.307700,12381.18,5.00,57.83,257.33,24.53,31.97,951.96306,465.99,24.70,29.58,951.09743,466.42
2021-04-27T19:37:51.018+00:00,47.6,1.35,1.2,1.2,1.225,0x0,47.074600,7.307700,12544.07,5.00,57.83,257.33,24.58,31.75,951.95222,465.77,24.72,29.56,951.11642,466.59
2021-04-27T19:37:53.798+00:00,47.6,1.35,1.2,1.2,1.225,0x0,47.074600,7.307700,12810.82,5.00,57.83,257.33,24.54,31.86,951.96139,465.64,24.72,29.55,951.07204,466.45
2021-04-27T19:37:56.344+00:00,47.6,1.2,1.2,1.2,1.225,0x0,47.074600,7.307700,13263.60,5.00,57.83,257.33,24.53,31.92,951.93643,465.52,24.72,29.57,951.08107,466.55
2021-04-27T19:37:58.879+00:00,48.2,1.2,1.2,1.2,1.225,0x0,47.074600,7.307700,13412.72,5.00,57.83,257.33,24.53,31.93,951.93340,465.55,24.72,29.61,951.05801,466.84
2021-04-27T19:38:01.407+00:00,47.1,1.35,1.2,1.2,1.225,0x0,47.074600,7.307700,13692.22,5.00,57.83,257.33,24.57,31.89,951.95084,465.55,24.71,29.55,951.08223,466.58
2021-04-27T19:38:03.962+00:00,47.6,1.35,1.2,1.2,1.225,0x0,47.074600,7.307700,13971.72,5.00,57.83,257.33,24.53,31.95,951.92645,465.74,24.73,29.55,951.11310,466.60
2021-04-27T19:38:06.509+00:00,48.7,1.35,1.2,1.2,1.225,0x0,47.074600,7.307700,14275.60,5.00,57.83,257.33,24.53,31.86,951.98800,465.64,24.72,29.58,951.09347,466.31
2021-04-27T19:38:09.035+00:00,48.7,1.35,1.2,1.2,1.225,0x0,47.074600,7.307700,14465.47,5.00,57.83,257.33,24.53,31.89,951.95306,465.69,24.71,29.58,951.11426,466.50
2021-04-27T19:38:11.546+00:00,48.7,1.35,1.2,1.2,1.225,0x0,47.074600,7.307700,14649.95,5.00,57.83,257.33,24.60,32.05,951.97415,465.92,24.72,29.58,951.05463,466.56
2021-04-27T19:38:14.212+00:00,48.7,1.35,1.2,1.2,1.225,0x0,47.074600,7.307700,14826.73,5.00,57.83,257.33,24.54,31.89,951.96805,465.65,24.74,29.50,951.07932,466.42
2021-04-27T19:38:16.726+00:00,48.2,1.35,1.2,1.2,1.225,0x0,47.074600,7.307700,15342.40,5.00,57.83,257.33,24.53,31.87,951.93006,465.87,24.72,29.54,951.10017,466.22
2021-04-27T19:38:19.259+00:00,47.6,1.35,1.2,1.2,1.225,0x0,47.074600,7.307700,15605.23,5.00,57.83,257.33,24.53,31.94,951.95834,466.03,24.72,29.59,951.09685,466.46
2021-04-27T19:38:21.785+00:00,47.6,1.35,1.2,1.2,1.225,0x0,47.074600,7.307700,15755.28,5.00,57.83,257.33,24.54,31.81,951.96334,465.47,24.73,29.63,951.09458,466.30
2021-04-27T19:38:24.312+00:00,48.7,1.35,1.2,1.2,1.225,0x0,47.074600,7.307700,16234.88,5.00,57.83,257.33,24.56,31.99,951.98107,465.62,24.75,29.49,951.11083,466.39
2021-04-27T19:38:26.887+00:00,48.7,1.35,1.2,1.2,1.225,0x0,47.074600,7.307700,16379.82,5.00,57.83,257.33,24.54,31.83,952.00269,465.52,24.73,29.54,951.09679,466.62
2021-04-27T19:38:29.443+00:00,48.7,1.2,1.2,1.2,1.225,0x0,47.074600,7.307700,16551.24,5.00,57.83,257.33,24.54,31.71,951.93144,465.77,24.72,29.54,951.09062,466.54
2021-04-27T19:38:31.965+00:00,48.2,1.2,1.2,1.2,1.225,0x0,47.074600,7.307700,16718.67,5.00,57.83,257.33,24.53,31.96,951.99134,465.89,24.72,29.61,951.05347,466.64
2021-04-27T19:38:34.496+00:00,48.2,1.35,1.2,1.2,1.225,0x0,47.074600,7.307700,17124.17,5.00,57.83,257.33,24.57,31.82,952.01103,466.00,24.76,29.58,951.11019,466.43
2021-04-27T19:38:37.117+00:00,49.8,1.35,1.2,1.2,1.225,0x0,47.074600,7.307700,17289.56,5.00,57.83,257.33,24.55,31.87,951.95973,465.68,24.74,29.57,951.08777,466.44
2021-04-27T19:38:39.642+00:00,48.7,1.35,1.2,1.2,1.225,0x0,47.074600,7.307700,17476.11,5.00,57.83,257.33,24.54,31.93,951.95943,465.77,24.72,29.58,951.11759,466.49
2021-04-27T19:38:42.166+00:00,47.1,1.35,1.2,1.2,1.225,0x0,47.074600,7.307700,17622.44,5.00,57.83,257.33,24.54,31.69,951.98274,465.54,24.73,29.46,951.08946,466.49
2021-04-27T19:38:44.759+00:00,48.7,1.2,1.2,1.2,1.225,0x0,47.074600,7.307700,18081.61,5.00,57.83,257.33,24.58,31.90,951.96111,466.00,24.76,29.53,951.11299,466.50
2021-04-27T19:38:47.481+00:00,47.6,1.35,1.2,1.2,1.225,0x0,47.074600,7.307700,18258.36,5.00,57.83,257.33,24.55,31.78,951.95279,465.71,24.74,29.38,951.11590,466.55
2021-04-27T19:38:50.011+00:00,48.7,1.35,1.2,1.2,1.225,0x0,47.074600,7.307700,18459.25,5.00,57.83,257.33,24.54,31.87,951.94642,465.86,24.73,29.49,951.11928,466.26
2021-04-27T19:38:52.540+00:00,49.2,1.2,1.2,1.2,1.225,0x0,47.074600,7.307700,18895.24,5.00,57.83,257.33,24.54,31.70,951.97608,465.59,24.73,29.56,951.08049,466.54
2021-04-27T19:38:55.081+00:00,48.7,1.35,1.2,1.2,1.225,0x0,47.074600,7.307700,19018.21,5.00,57.83,257.33,24.58,31.84,951.97884,465.65,24.77,29.38,951.09045,466.87
2021-04-27T19:38:57.685+00:00,48.7,1.35,1.2,1.2,1.225,0x0,47.074600,7.307700,19177.49,5.00,57.83,257.33,24.54,31.87,951.98441,465.37,24.74,29.47,951.12155,466.57
2021-04-27T19:39:00.213+00:00,48.7,1.35,1.2,1.2,1.225,0x0,47.074600,7.307700,19385.91,5.00,57.83,257.33,24.54,31.69,951.96942,465.40,24.73,29.41,951.11199,466.27
2021-04-27T19:39:02.742+00:00,48.7,1.2,1.2,1.2,1.225,0x0,47.074600,7.307700,19805.11,5.00,57.83,257.33,24.54,31.92,951.93478,465.88,24.73,29.50,951.13052,466.27
2021-04-27T19:39:05.271+00:00,49.8,1.35,1.2,1.2,1.225,0x0,47.074600,7.307700,19984.29,5.00,57.83,257.33,24.59,31.78,951.95556,465.85,24.73,29.46,951.09231,466.47
2021-04-27T19:39:07.802+00:00,49.8,1.35,1.2,1.2,1.225,0x0,47.074600,7.307700,20144.24,5.00,57.83,257.33,24.56,31.90,951.93088,465.83,24.74,29.43,951.13949,466.13
2021-04-27T19:39:10.342+00:00,48.2,1.35,1.2,1.2,1.225,0x0,47.074600,7.307700,20400.88,5.00,57.83,257.33,24.55,31.82,951.92949,465.90,24.74,29.47,951.12207,466.79
2021-04-27T19:39:12.857+00:00,48.7,1.35,1.2,1.2,1.225,0x0,47.074600,7.307700,20775.39,5.00,57.83,257.33,24.54,31.71,951.95946,465.83,24.73,29.37,951.12883,466.42
2021-04-27T19:39:15.393+00:00,49.2,1.35,1.2,1.2,1.225,0x0,47.074600,7.307700,20934.45,5.00,57.83,257.33,24.59,31.94,951.95555,465.65,24.73,29.35,951.13663,466.37
2021-04-27T19:39:18.318+00:00,49.2,1.35,1.2,1.2,1.225,0x0,47.074600,7.307700,21133.86,5.00,57.83,257.33,24.55,31.72,951.94946,465.55,24.75,29.63,951.11305,466.25
2021-04-27T19:39:20.870+00:00,49.2,1.2,1.2,1.2,1.225,0x0,47.074600,7.307700,21547.57,5.00,57.83,257.33,24.54,31.89,951.94948,465.93,24.73,29.33,951.08893,466.81
2021-04-27T19:39:23.430+00:00,49.2,1.2,1.2,1.2,1.225,0x0,47.074600,7.307700,21684.99,5.00,57.83,257.33,24.54,31.84,951.96277,465.73,24.73,29.45,951.12207,466.92
2021-04-27T19:39:25.967+00:00,49.2,1.2,1.2,1.2,1.225,0x0,47.074600,7.307700,21837.13,5.00,57.83,257.33,24.54,31.99,951.99106,465.56,24.73,29.52,951.12534,466.30
2021-04-27T19:39:28.626+00:00,49.8,1.35,1.2,1.2,1.225,0x0,47.074600,7.307700,22239.80,5.00,57.83,257.33,24.57,31.82,951.95251,465.74,24.74,29.49,951.08829,466.52
2021-04-27T19:39:31.157+00:00,49.2,1.2,1.2,1.2,1.225,0x0,47.074600,7.307700,22471.40,5.00,57.83,257.33,24.55,31.70,951.95251,465.69,24.73,29.44,951.10349,466.51
2021-04-27T19:39:33.683+00:00,49.8,1.2,1.2,1.2,1.225,0x0,47.074600,7.307700,22632.31,5.00,57.83,257.33,24.56,31.75,951.96082,465.61,24.73,29.36,951.08777,466.79
2021-04-27T19:39:36.233+00:00,49.8,1.2,1.2,1.2,1.225,0x0,47.074600,7.307700,22839.89,5.00,57.83,257.33,24.54,31.84,951.96276,465.59,24.73,29.49,951.07315,466.61
2021-04-27T19:39:38.798+00:00,51.4,1.35,1.2,1.2,1.225,0x0,47.074600,7.307700,23268.41,5.00,57.83,257.33,24.58,31.81,951.98079,465.50,24.74,29.42,951.09895,466.62
2021-04-27T19:39:41.370+00:00,49.2,1.35,1.2,1.2,1.225,0x0,47.074600,7.307700,23474.65,5.00,57.83,257.33,24.56,31.73,951.97746,465.67,24.74,29.49,951.06919,466.45
2021-04-27T19:39:43.890+00:00,51.4,1.35,1.2,1.2,1.225,0x0,47.074600,7.307700,23701.35,5.00,57.83,257.33,24.55,31.87,951.94585,465.48,24.73,29.49,951.06640,466.36
2021-04-27T19:39:46.538+00:00,48.7,1.2,1.2,1.2,1.225,0x0,47.074600,7.307700,23975.67,5.00,57.83,257.33,24.55,31.76,951.96914,465.53,24.74,29.45,951.11578,466.38
2021-04-27T19:39:49.287+00:00,48.7,1.35,1.2,1.2,1.225,0x0,47.074600,7.307700,24239.79,5.00,57.83,257.33,24.57,31.54,951.98687,465.59,24.75,29.64,951.09726,466.26
2021-04-27T19:39:51.859+00:00,50.8,1.35,1.2,1.2,1.225,0x0,47.074600,7.307700,24437.74,5.00,57.83,257.33,24.57,31.75,951.92922,465.44,24.74,29.43,951.12935,466.38
2021-04-27T19:39:54.375+00:00,49.8,1.2,1.2,1.2,1.225,0x0,47.074600,7.307700,24683.03,5.00,57.83,257.33,24.56,31.76,951.95418,465.57,24.73,29.40,951.05789,466.37
2021-04-27T19:39:56.909+00:00,49.2,1.35,1.2,1.2,1.225,0x0,47.074600,7.307700,25031.36,5.00,57.83,257.33,24.57,31.72,951.95888,465.65,24.74,29.41,951.11473,466.58
2021-04-27T19:39:59.431+00:00,49.8,1.35,1.2,1.2,1.225,0x0,47.074600,7.307700,25217.01,5.00,57.83,257.33,24.57,31.77,951.97274,465.35,24.76,29.36,951.11473,466.48
2021-04-27T19:40:02.198+00:00,49.8,1.35,1.2,1.2,1.225,0x0,47.074600,7.307700,25397.48,5.00,57.83,257.33,24.58,31.76,951.94889,465.61,24.75,29.41,951.11246,466.64
2021-04-27T19:40:04.709+00:00,49.8,1.35,1.2,1.2,1.225,0x0,47.074600,7.307700,25771.81,5.00,57.83,257.33,24.55,31.88,951.97219,465.61,24.74,29.44,951.14007,466.40
2021-04-27T19:40:07.231+00:00,50.8,1.2,1.2,1.2,1.225,0x0,47.074600,7.307700,25927.64,5.00,57.83,257.33,24.56,31.71,951.94252,465.66,24.73,29.42,951.12155,466.35
2021-04-27T19:40:09.756+00:00,49.8,1.35,1.2,1.2,1.225,0x0,47.074600,7.307700,26170.21,5.00,57.83,257.33,24.57,31.79,951.96748,465.38,24.78,29.52,951.11858,466.54
2021-04-27T19:40:12.406+00:00,49.8,1.35,1.2,1.2,1.225,0x0,47.074600,7.307700,26350.54,5.00,57.83,257.33,24.59,31.74,951.95555,465.47,24.74,29.41,951.07700,466.35
2021-04-27T19:40:14.930+00:00,49.8,1.2,1.2,1.2,1.225,0x0,47.074600,7.307700,26621.45,5.00,57.83,257.33,24.56,31.77,951.97110,465.53,24.73,29.43,951.12545,466.34
2021-04-27T19:40:17.466+00:00,49.8,1.2,1.2,1.2,1.225,0x0,47.074600,7.307700,26784.48,5.00,57.83,257.33,24.56,31.81,951.97081,465.92,24.75,29.49,951.10181,466.64
2021-04-27T19:40:20.016+00:00,49.8,1.35,1.2,1.2,1.225,0x0,47.074600,7.307700,26937.73,5.00,57.83,257.33,24.54,31.80,951.94781,465.89,24.73,29.50,951.10449,466.25
2021-04-27T19:40:22.648+00:00,49.2,1.35,1.2,1.2,1.225,0x0,47.074600,7.307700,27348.98,5.00,57.83,257.33,24.58,31.74,951.94253,465.64,24.73,29.28,951.12038,466.37
2021-04-27T19:40:25.266+00:00,49.8,1.35,1.2,1.2,1.225,0x0,47.074600,7.307700,27627.43,5.00,57.83,257.33,24.56,31.77,951.96111,465.86,24.73,29.37,951.11817,466.48
2021-04-27T19:40:27.790+00:00,49.8,1.35,1.2,1.2,1.225,0x0,47.074600,7.307700,27760.15,5.00,57.83,257.33,24.55,31.79,951.98109,465.79,24.74,29.44,951.10239,466.62
2021-04-27T19:40:30.313+00:00,49.8,1.35,1.2,1.2,1.225,0x0,47.074600,7.307700,27955.23,5.00,57.83,257.33,24.54,31.80,951.95112,465.63,24.73,29.45,951.10244,466.45
2021-04-27T19:40:32.838+00:00,49.8,1.35,1.2,1.2,1.225,0x0,47.074600,7.307700,28427.32,5.00,57.83,257.33,24.59,31.84,951.95889,465.66,24.74,29.35,951.12487,466.13
2021-04-27T19:40:35.438+00:00,50.3,1.2,1.2,1.2,1.225,0x0,47.074600,7.307700,28652.96,5.00,57.83,257.33,24.55,31.79,951.94781,465.63,24.73,29.51,951.12941,466.13
2021-04-27T19:40:37.970+00:00,49.8,1.2,1.2,1.2,1.225,0x0,47.074600,7.307700,28822.29,5.00,57.83,257.33,24.55,31.80,951.97274,465.83,24.73,29.43,951.08614,466.28
2021-04-27T19:40:40.496+00:00,50.8,1.35,1.2,1.2,1.225,0x0,47.074600,7.307700,29001.28,5.00,57.83,257.33,24.54,31.71,951.97274,465.66,24.73,29.43,951.10524,466.75
2021-04-27T19:40:43.007+00:00,49.8,1.2,1.2,1.2,1.225,0x0,47.074600,7.307700,29417.93,5.00,57.83,257.33,24.59,31.80,951.93558,465.86,24.75,29.44,951.09447,466.36
2021-04-27T19:40:45.623+00:00,48.7,1.35,1.2,1.2,1.225,0x0,47.074600,7.307700,29667.31,5.00,57.83,257.33,24.54,31.77,951.93448,465.64,24.73,29.45,951.10804,466.53
2021-04-27T19:40:48.246+00:00,49.8,1.2,1.2,1.2,1.225,0x0,47.074600,7.307700,29907.57,5.00,57.83,257.33,24.54,31.78,951.95141,465.64,24.72,29.45,951.09796,466.33
2021-04-27T19:40:50.775+00:00,49.8,1.35,1.2,1.2,1.225,0x0,47.074600,7.307700,30289.68,5.00,57.83,257.33,24.53,31.67,951.94612,465.63,24.73,29.34,951.11089,466.32
2021-04-27T19:40:53.370+00:00,50.3,1.2,1.2,1.2,1.225,0x0,47.074600,7.307700,30471.37,5.00,57.83,257.33,24.59,31.89,951.96721,465.83,24.75,29.43,951.09557,466.48
2021-04-27T19:40:55.945+00:00,50.8,1.35,1.2,1.2,1.225,0x0,47.074600,7.307700,30659.12,5.00,57.83,257.33,24.55,31.70,951.96748,465.76,24.73,29.47,951.12551,466.48
2021-04-27T19:40:58.456+00:00,49.8,1.35,1.2,1.2,1.225,0x0,47.074600,7.307700,30830.87,5.00,57.83,257.33,24.54,31.77,951.94946,465.88,24.72,29.35,951.11933,466.24
2021-04-27T19:41:00.976+00:00,49.8,1.35,1.2,1.2,1.225,0x0,47.074600,7.307700,31275.42,5.00,57.83,257.33,24.54,31.76,951.94282,465.92,24.73,29.44,951.07204,466.12
2021-04-27T19:41:03.499+00:00,49.8,1.35,1.2,1.2,1.225,0x0,47.074600,7.307700,31417.19,5.00,57.83,257.33,24.54,31.85,951.97552,465.50,24.75,29.42,951.16424,466.09
2021-04-27T19:41:06.134+00:00,50.8,1.35,1.2,1.2,1.225,0x0,47.074600,7.307700,31550.57,5.00,57.83,257.33,24.56,31.76,951.94086,465.51,24.73,29.40,951.11590,466.15
2021-04-27T19:41:08.665+00:00,50.8,1.35,1.2,1.2,1.225,0x0,47.074600,7.307700,31969.21,5.00,57.83,257.33,24.55,31.64,951.96110,465.63,24.73,29.38,951.13057,466.49
2021-04-27T19:41:11.169+00:00,49.8,1.2,1.2,1.2,1.225,0x0,47.074600,7.307700,32225.83,5.00,57.83,257.33,24.54,31.79,951.97276,465.70,24.73,29.33,951.11194,466.45
2021-04-27T19:41:13.702+00:00,50.8,1.2,1.2,1.2,1.225,0x0,47.074600,7.307700,32482.22,5.00,57.83,257.33,24.55,31.71,951.96416,465.94,24.75,29.36,951.13442,466.40
2021-04-27T19:41:16.549+00:00,50.3,1.35,1.2,1.2,1.225,0x0,47.074600,7.307700,32666.43,5.00,57.83,257.33,24.57,31.73,951.94889,466.24,24.74,29.38,951.12207,466.77
2021-04-27T19:41:19.079+00:00,49.2,1.35,1.2,1.2,1.225,0x0,47.074600,7.307700,33147.59,5.00,57.83,257.33,24.55,31.71,951.95916,465.97,24.72,29.49,951.13052,466.74
2021-04-27T19:41:21.599+00:00,50.3,1.35,1.2,1.2,1.225,0x0,47.074600,7.307700,33354.95,5.00,57.83,257.33,24.56,31.88,951.94419,465.85,24.73,29.36,951.13221,466.33
2021-04-27T19:41:24.124+00:00,49.8,1.2,1.2,1.2,1.225,0x0,47.074600,7.307700,33621.43,5.00,57.83,257.33,24.55,31.71,951.94143,465.89,24.76,29.14,951.11584,466.58
2021-04-27T19:41:26.786+00:00,50.8,1.35,1.2,1.2,1.225,0x0,47.074600,7.307700,33911.75,5.00,57.83,257.33,24.57,31.78,951.95888,465.88,24.73,29.38,951.09167,466.76
2021-04-27T19:41:29.327+00:00,50.3,1.35,1.2,1.2,1.225,0x0,47.074600,7.307700,34053.54,-5.00,57.83,257.33,24.55,31.70,951.91618,465.53,24.73,29.33,951.07758,466.47
2021-04-27T19:41:31.866+00:00,49.8,1.35,1.2,1.2,1.225,0x0,47.074600,7.307700,33793.58,-5.00,57.83,257.33,24.55,31.82,951.95113,465.89,24.73,29.34,951.09732,466.60
2021-04-27T19:41:34.401+00:00,50.3,1.35,1.2,1.2,1.225,0x0,47.074600,7.307700,33660.33,-5.00,57.83,257.33,24.54,31.76,951.96944,465.73,24.78,29.33,951.12988,466.37
2021-04-27T19:41:37.042+00:00,51.4,1.35,1.2,1.2,1.225,0x0,47.074600,7.307700,33146.63,-5.00,57.83,257.33,24.57,31.88,951.93422,465.63,24.74,29.49,951.11980,466.30
2021-04-27T19:41:39.585+00:00,50.3,1.2,1.2,1.2,1.225,0x0,47.074600,7.307700,32978.05,-5.00,57.83,257.33,24.54,31.74,951.95279,465.77,24.73,29.43,951.07880,466.42
2021-04-27T19:41:42.119+00:00,48.7,1.35,1.2,1.2,1.225,0x0,47.074600,7.307700,32793.16,-5.00,57.83,257.33,24.54,31.66,951.96111,465.70,24.72,29.32,951.09738,466.32
2021-04-27T19:41:44.626+00:00,49.8,1.35,1.2,1.2,1.225,0x0,47.074600,7.307700,32648.36,-5.00,57.83,257.33,24.54,31.80,951.95778,465.76,24.73,29.36,951.12534,466.30
2021-04-27T19:41:47.228+00:00,49.2,1.35,1.2,1.2,1.225,0x0,47.074600,7.307700,32218.22,-5.00,57.83,257.33,24.58,31.77,951.99049,465.73,24.73,29.49,951.08550,466.25
2021-04-27T19:41:49.787+00:00,51.4,1.35,1.2,1.2,1.225,0x0,47.074600,7.307700,32012.13,-5.00,57.83,257.33,24.54,31.80,951.94918,465.70,24.73,29.38,951.09231,466.37
2021-04-27T19:41:52.336+00:00,50.3,1.35,1.2,1.2,1.225,0x0,47.074600,7.307700,31762.96,-5.00,57.83,257.33,24.54,31.69,951.97276,465.96,24.73,29.50,951.11363,466.45
2021-04-27T19:41:54.868+00:00,50.3,1.35,1.2,1.2,1.225,0x0,47.074600,7.307700,31447.18,-5.00,57.83,257.33,24.56,31.77,951.94280,465.63,24.72,29.40,951.11258,466.51
2021-04-27T19:41:57.393+00:00,49.8,1.35,1.2,1.2,1.225,0x0,47.074600,7.307700,31308.34,-5.00,57.83,257.33,24.59,31.79,951.94029,465.76,24.74,29.29,951.13052,466.49
2021-04-27T19:41:59.972+00:00,51.4,1.35,1.2,1.2,1.225,0x0,47.074600,7.307700,31122.67,-5.00,57.83,257.33,24.56,31.69,951.95280,465.66,24.73,29.23,951.12207,466.45
2021-04-27T19:42:02.509+00:00,50.3,1.35,1.2,1.2,1.225,0x0,47.074600,7.307700,30966.39,-5.00,57.83,257.33,24.54,31.62,951.92951,465.97,24.73,29.32,951.11025,466.38
2021-04-27T19:42:05.035+00:00,51.9,1.35,1.2,1.2,1.225,0x0,47.074600,7.307700,30485.73,-5.00,57.83,257.33,24.56,31.74,951.92784,465.79,24.72,29.35,951.09679,466.53
2021-04-27T19:42:07.546+00:00,49.8,1.35,1.2,1.2,1.225,0x0,47.074600,7.307700,30262.27,-5.00,57.83,257.33,24.60,31.81,951.95222,465.69,24.75,29.33,951.10012,466.30
2021-04-27T19:42:10.239+00:00,49.8,1.35,1.2,1.2,1.225,0x0,47.074600,7.307700,30115.27,-5.00,57.83,257.33,24.57,31.78,951.91758,465.92,24.73,29.30,951.10122,466.64
2021-04-27T19:42:12.759+00:00,50.3,1.2,1.2,1.2,1.225,0x0,47.074600,7.307700,29651.17,-5.00,57.83,257.33,24.54,31.76,951.94115,465.90,24.74,29.37,951.08661,466.74
2021-04-27T19:42:15.291+00:00,50.8,1.35,1.2,1.2,1.225,0x0,47.074600,7.307700,29372.82,-5.00,57.83,257.33,24.55,31.71,951.92784,465.80,24.74,29.34,951.09452,466.70
2021-04-27T19:42:17.842+00:00,50.3,1.35,1.2,1.2,1.225,0x0,47.074600,7.307700,29158.27,-5.00,57.83,257.33,24.54,31.74,951.96112,465.78,24.75,29.41,951.10909,466.66
2021-04-27T19:42:20.377+00:00,50.8,1.35,1.2,1.2,1.225,0x0,47.074600,7.307700,28947.10,-5.00,57.83,257.33,24.58,31.69,951.94057,465.85,24.73,29.38,951.06698,466.42
2021-04-27T19:42:22.930+00:00,50.8,1.2,1.2,1.2,1.225,0x0,47.074600,7.307700,28566.53,-5.00,57.83,257.33,24.56,31.81,951.95280,465.89,24.73,29.37,951.08724,466.76
2021-04-27T19:42:25.460+00:00,50.3,1.35,1.2,1.2,1.225,0x0,47.074600,7.307700,28391.81,-5.00,57.83,257.33,24.55,31.58,951.95583,465.66,24.73,29.41,951.11194,466.67
2021-04-27T19:42:27.974+00:00,50.8,1.2,1.2,1.2,1.225,0x0,47.074600,7.307700,28197.53,-5.00,57.83,257.33,24.54,31.77,951.95308,465.75,24.76,29.32,951.13099,466.45
2021-04-27T19:42:30.558+00:00,50.3,1.2,1.2,1.2,1.225,0x0,47.074600,7.307700,27975.53,-5.00,57.83,257.33,24.59,31.69,951.92864,465.59,24.74,29.30,951.11194,466.70
2021-04-27T19:42:33.115+00:00,51.4,1.35,1.2,1.2,1.225,0x0,47.074600,7.307700,27574.30,-5.00,57.83,257.33,24.55,31.69,951.93088,465.89,24.73,29.25,951.09167,466.45
2021-04-27T19:42:35.623+00:00,50.3,1.35,1.2,1.2,1.225,0x0,47.074600,7.307700,27403.70,-5.00,57.83,257.33,24.54,31.71,951.93921,466.06,24.73,29.45,951.10349,466.71
2021-04-27T19:42:38.150+00:00,49.8,1.35,1.2,1.2,1.225,0x0,47.074600,7.307700,27194.76,-5.00,57.83,257.33,24.54,31.65,951.95113,466.01,24.77,29.08,951.09948,466.58
2021-04-27T19:42:40.906+00:00,50.8,1.35,1.2,1.2,1.225,0x0,47.074600,7.307700,26781.04,-5.00,57.83,257.33,24.57,31.94,951.95388,465.54,24.75,29.41,951.06069,466.70
2021-04-27T19:42:43.500+00:00,48.7,1.35,1.2,1.2,1.225,0x0,47.074600,7.307700,26584.94,-5.00,57.83,257.33,24.55,31.63,951.95280,466.11,24.74,29.35,951.12825,466.64
2021-04-27T19:42:46.032+00:00,51.4,1.2,1.2,1.2,1.225,0x0,47.074600,7.307700,26445.29,-5.00,57.83,257.33,24.54,31.59,951.96277,465.94,24.73,29.30,951.11869,466.57
2021-04-27T19:42:48.558+00:00,50.8,1.2,1.2,1.2,1.225,0x0,47.074600,7.307700,26195.66,-5.00,57.83,257.33,24.55,31.56,951.92784,465.92,24.74,29.32,951.06640,466.36
2021-04-27T19:42:51.103+00:00,50.8,1.2,1.2,1.2,1.225,0x0,47.074600,7.307700,25748.51,-5.00,57.83,257.33,24.55,31.57,951.95945,465.54,24.75,29.24,951.13832,466.65
2021-04-27T19:42:53.826+00:00,51.9,1.35,1.2,1.2,1.225,0x0,47.074600,7.307700,25492.11,-5.00,57.83,257.33,24.57,31.60,951.95417,465.66,24.74,29.27,951.11415,466.53
2021-04-27T19:42:56.326+00:00,50.8,1.35,1.2,1.2,1.225,0x0,47.074600,7.307700,25312.44,-5.00,57.83,257.33,24.55,31.70,951.92286,465.59,24.74,29.22,951.11363,466.76
2021-04-27T19:42:58.836+00:00,51.4,1.35,1.2,1.2,1.225,0x0,47.074600,7.307700,24842.88,-5.00,57.83,257.33,24.56,31.63,951.92618,465.69,24.75,29.24,951.09109,466.53
2021-04-27T19:43:01.366+00:00,50.8,1.2,1.2,1.2,1.225,0x0,47.074600,7.307700,24686.13,-5.00,57.83,257.33,24.55,31.51,951.93088,465.92,24.74,29.26,951.09895,466.62
2021-04-27T19:43:03.890+00:00,50.3,1.2,1.2,1.2,1.225,0x0,47.074600,7.307700,24564.40,-5.00,57.83,257.33,24.60,31.56,951.90037,465.66,24.77,29.28,951.09266,466.40
2021-04-27T19:43:06.510+00:00,51.4,1.35,1.2,1.2,1.225,0x0,47.074600,7.307700,24423.76,-5.00,57.83,257.33,24.57,31.63,951.93089,465.79,24.74,29.26,951.11019,466.59
2021-04-27T19:43:09.005+00:00,51.9,1.35,1.2,1.2,1.225,0x0,47.074600,7.307700,24025.85,-5.00,57.83,257.33,24.57,31.65,951.93587,465.82,24.75,29.20,951.09103,466.52
2021-04-27T19:43:11.528+00:00,49.8,1.35,1.2,1.2,1.225,0x0,47.074600,7.307700,23855.08,-5.00,57.83,257.33,24.54,31.79,951.93949,465.98,24.74,29.27,951.06797,466.58
2021-04-27T19:43:14.052+00:00,51.4,1.2,1.2,1.2,1.225,0x0,47.074600,7.307700,23724.30,-5.00,57.83,257.33,24.54,31.71,951.93284,465.85,24.74,29.31,951.06296,466.38
2021-04-27T19:43:16.614+00:00,50.8,1.35,1.2,1.2,1.225,0x0,47.074600,7.307700,23580.14,-5.00,57.83,257.33,24.58,31.65,951.93726,466.02,24.75,29.29,951.09610,466.42
2021-04-27T19:43:19.208+00:00,51.9,1.35,1.2,1.2,1.225,0x0,47.074600,7.307700,23208.54,-5.00,57.83,257.33,24.55,31.49,951.91620,465.88,24.74,29.33,951.12202,466.62
2021-04-27T19:43:21.716+00:00,51.9,1.35,1.2,1.2,1.225,0x0,47.074600,7.307700,22976.03,-5.00,57.83,257.33,24.55,31.60,951.92617,465.99,24.75,29.17,951.13215,466.37
2021-04-27T19:43:24.242+00:00,51.4,1.35,1.2,1.2,1.225,0x0,47.074600,7.307700,22840.17,-5.00,57.83,257.33,24.55,31.46,951.94116,465.76,24.74,29.26,951.08265,466.70
2021-04-27T19:43:26.774+00:00,51.4,1.2,1.2,1.2,1.225,0x0,47.074600,7.307700,22569.20,-5.00,57.83,257.33,24.56,31.60,951.91590,465.67,24.78,29.25,951.07752,466.66
2021-04-27T19:43:29.496+00:00,51.4,1.35,1.2,1.2,1.225,0x0,47.074600,7.307700,22295.58,-5.00,57.83,257.33,24.57,31.62,951.92394,465.79,24.75,29.26,951.11299,466.45
2021-04-27T19:43:31.999+00:00,51.4,1.35,1.2,1.2,1.225,0x0,47.074600,7.307700,22070.86,-5.00,57.83,257.33,24.57,31.54,951.94086,465.64,24.74,29.26,951.10513,466.52
2021-04-27T19:43:34.504+00:00,50.8,1.35,1.2,1.2,1.225,0x0,47.074600,7.307700,21901.06,-5.00,57.83,257.33,24.58,31.58,951.94919,465.89,24.74,29.18,951.11637,466.41
2021-04-27T19:43:37.021+00:00,51.4,1.35,1.2,1.2,1.225,0x0,47.074600,7.307700,21573.82,-5.00,57.83,257.33,24.55,31.59,951.95721,465.63,24.75,29.24,951.08544,466.54
2021-04-27T19:43:39.533+00:00,50.8,1.35,1.2,1.2,1.225,0x0,47.074600,7.307700,21420.14,-5.00,57.83,257.33,24.61,31.59,951.93947,465.79,24.79,29.13,951.13821,466.62
2021-04-27T19:43:42.460+00:00,51.4,1.35,1.2,1.2,1.225,0x0,47.074600,7.307700,21177.09,-5.00,57.83,257.33,24.57,31.63,951.94057,465.75,24.76,29.26,951.08597,466.33
2021-04-27T19:43:44.995+00:00,51.4,1.35,1.2,1.2,1.225,0x0,47.074600,7.307700,20823.70,-5.00,57.83,257.33,24.56,31.77,951.95085,465.82,24.75,29.26,951.09610,466.45
2021-04-27T19:43:47.566+00:00,51.4,1.2,1.2,1.2,1.225,0x0,47.074600,7.307700,20579.16,-5.00,57.83,257.33,24.55,31.67,951.96082,465.81,24.75,29.32,951.11188,466.85
2021-04-27T19:43:50.096+00:00,50.8,1.2,1.2,1.2,1.225,0x0,47.074600,7.307700,20454.73,-5.00,57.83,257.33,24.61,31.77,951.93030,466.05,24.75,29.19,951.12417,466.52
2021-04-27T19:43:52.834+00:00,51.9,1.35,1.2,1.2,1.225,0x0,47.074600,7.307700,20326.08,-5.00,57.83,257.33,24.58,31.69,951.95056,465.89,24.76,29.31,951.11468,466.40
2021-04-27T19:43:55.337+00:00,50.8,1.2,1.2,1.2,1.225,0x0,47.074600,7.307700,19900.58,-5.00,57.83,257.33,24.57,31.77,951.93420,465.90,24.75,29.30,951.09389,466.67
2021-04-27T19:43:57.874+00:00,51.4,1.2,1.2,1.2,1.225,0x0,47.074600,7.307700,19689.71,-5.00,57.83,257.33,24.55,31.59,951.96249,465.41,24.74,29.21,951.10233,466.61
2021-04-27T19:44:00.401+00:00,50.8,1.2,1.2,1.2,1.225,0x0,47.074600,7.307700,19432.45,-5.00,57.83,257.33,24.55,31.59,951.94751,465.88,24.75,29.27,951.15638,466.62
2021-04-27T19:44:03.071+00:00,51.9,1.35,1.2,1.2,1.225,0x0,47.074600,7.307700,19128.20,-5.00,57.83,257.33,24.59,31.62,951.93558,465.82,24.76,29.25,951.14729,466.36
2021-04-27T19:44:05.618+00:00,51.4,1.35,1.2,1.2,1.225,0x0,47.074600,7.307700,18919.66,-5.00,57.83,257.33,24.57,31.60,951.93283,466.08,24.74,29.07,951.09220,466.58
2021-04-27T19:44:08.142+00:00,51.4,1.35,1.2,1.2,1.225,0x0,47.074600,7.307700,18764.89,-5.00,57.83,257.33,24.55,31.71,951.92785,465.97,24.74,29.33,951.08323,466.41
2021-04-27T19:44:10.636+00:00,51.4,1.2,1.2,1.2,1.225,0x0,47.074600,7.307700,18598.31,-5.00,57.83,257.33,24.54,31.62,951.92950,465.80,24.74,29.23,951.10687,466.54
2021-04-27T19:44:13.174+00:00,49.8,1.35,1.2,1.2,1.225,0x0,47.074600,7.307700,18154.97,-5.00,57.83,257.33,24.58,31.62,951.94087,465.93,24.76,29.24,951.11351,466.47
2021-04-27T19:44:15.793+00:00,51.9,1.35,1.2,1.2,1.225,0x0,47.074600,7.307700,17879.95,-5.00,57.83,257.33,24.55,31.57,951.95084,465.93,24.73,29.35,951.08096,466.49
2021-04-27T19:44:18.325+00:00,51.4,1.2,1.2,1.2,1.225,0x0,47.074600,7.307700,17685.56,-5.00,57.83,257.33,24.55,31.60,951.89485,466.31,24.73,29.47,951.11922,466.51
2021-04-27T19:44:20.864+00:00,50.8,1.35,1.2,1.2,1.225,0x0,47.074600,7.307700,17413.24,-5.00,57.83,257.33,24.54,31.52,951.92782,466.15,24.74,29.24,951.09109,466.39
2021-04-27T19:44:23.393+00:00,51.4,1.35,1.2,1.2,1.225,0x0,47.074600,7.307700,16919.95,-5.00,57.83,257.33,24.59,31.60,951.94390,465.90,24.75,29.26,951.10396,467.16
2021-04-27T19:44:26.043+00:00,51.4,1.35,1.2,1.2,1.225,0x0,47.074600,7.307700,16793.61,-5.00,57.83,257.33,24.54,31.66,951.94779,465.90,24.73,29.29,951.03373,466.43
2021-04-27T19:44:28.589+00:00,50.8,1.2,1.2,1.2,1.225,0x0,47.074600,7.307700,16629.13,-5.00,57.83,257.33,24.54,31.59,951.94448,465.90,24.73,29.16,951.09225,466.61
2021-04-27T19:44:31.117+00:00,51.9,1.35,1.2,1.2,1.225,0x0,47.074600,7.307700,16332.37,-5.00,57.83,257.33,24.54,31.71,951.92284,465.80,24.74,29.24,951.06133,466.64
2021-04-27T19:44:33.661+00:00,50.8,1.2,1.2,1.2,1.225,0x0,47.074600,7.307700,16104.57,-5.00,57.83,257.33,24.59,31.60,951.93281,465.79,24.78,29.29,951.15067,466.52
2021-04-27T19:44:36.473+00:00,51.9,1.35,1.2,1.2,1.225,0x0,47.074600,7.307700,15896.60,-5.00,57.83,257.33,24.56,31.68,951.94615,465.93,24.75,29.22,951.10571,466.34
2021-04-27T19:44:38.998+00:00,50.8,1.35,1.2,1.2,1.225,0x0,47.074600,7.307700,15504.63,-5.00,57.83,257.33,24.54,31.55,951.95279,465.95,24.73,29.24,951.06127,466.48
2021-04-27T19:44:41.523+00:00,49.8,1.35,1.2,1.2,1.225,0x0,47.074600,7.307700,15363.55,-5.00,57.83,257.33,24.54,31.57,951.94281,465.76,24.73,29.28,951.12656,466.56
2021-04-27T19:44:44.141+00:00,50.8,1.2,1.2,1.2,1.225,0x0,47.074600,7.307700,15176.62,-5.00,57.83,257.33,24.58,31.64,951.96691,465.95,24.73,29.33,951.13937,466.17
2021-04-27T19:44:46.778+00:00,50.8,1.35,1.2,1.2,1.225,0x0,47.074600,7.307700,15013.58,-5.00,57.83,257.33,24.54,31.72,951.95613,466.03,24.75,29.27,951.10798,466.64
2021-04-27T19:44:49.358+00:00,50.8,1.2,1.2,1.2,1.225,0x0,47.074600,7.307700,14546.96,-5.00,57.83,257.33,24.54,31.60,951.93117,466.00,24.73,29.27,951.11363,466.53
2021-04-27T19:44:51.887+00:00,51.4,1.2,1.2,1.2,1.225,0x0,47.074600,7.307700,14390.33,-5.00,57.83,257.33,24.54,31.50,951.93948,466.11,24.73,29.28,951.13162,466.49
2021-04-27T19:44:54.421+00:00,50.8,1.2,1.2,1.2,1.225,0x0,47.074600,7.307700,14147.61,-5.00,57.83,257.33,24.59,31.52,951.92199,465.67,24.74,29.23,951.10460,466.27
2021-04-27T19:44:56.976+00:00,51.4,1.35,1.2,1.2,1.225,0x0,47.074600,7.307700,13734.86,-5.00,57.83,257.33,24.56,31.58,951.93283,465.83,24.75,29.36,951.10850,466.67
2021-04-27T19:44:59.537+00:00,51.4,1.35,1.2,1.2,1.225,0x0,47.074600,7.307700,13486.88,-5.00,57.83,257.33,24.54,31.63,951.93283,465.79,24.73,29.25,951.08829,466.34
2021-04-27T19:45:02.051+00:00,50.8,1.35,1.2,1.2,1.225,0x0,47.074600,7.307700,13268.18,-5.00,57.83,257.33,24.54,31.63,951.98245,465.72,24.74,29.24,951.08492,466.49
2021-04-27T19:45:04.574+00:00,51.9,1.35,1.2,1.2,1.225,0x0,47.074600,7.307700,13119.38,-5.00,57.83,257.33,24.55,31.59,951.97494,465.52,24.75,29.32,951.07426,466.39
2021-04-27T19:45:07.213+00:00,51.9,1.35,1.2,1.2,1.225,0x0,47.074600,7.307700,12655.36,-5.00,57.83,257.33,24.57,31.46,951.93588,465.75,24.76,29.32,951.10792,466.40
2021-04-27T19:45:09.749+00:00,50.8,1.35,1.2,1.2,1.225,0x0,47.074600,7.307700,12526.56,-5.00,57.83,257.33,24.55,31.58,951.92618,465.95,24.74,29.26,951.11642,466.35
2021-04-27T19:45:12.257+00:00,50.8,1.2,1.2,1.2,1.225,0x0,47.074600,7.307700,12256.31,-5.00,57.83,257.33,24.54,31.63,951.93949,465.88,24.74,29.19,951.08713,466.56
2021-04-27T19:45:14.790+00:00,51.4,1.35,1.2,1.2,1.225,0x0,47.074600,7.307700,12006.34,-5.00,57.83,257.33,24.54,31.49,951.95446,465.80,24.74,29.47,951.09738,466.48
2021-04-27T19:45:17.505+00:00,50.8,1.35,1.2,1.2,1.225,0x0,47.074600,7.307700,11715.43,-5.00,57.83,257.33,24.56,31.61,951.94753,465.76,24.75,29.22,951.11974,466.81
2021-04-27T19:45:20.074+00:00,50.8,1.35,1.2,1.2,1.225,0x0,47.074600,7.307700,11531.74,-5.00,57.83,257.33,24.55,31.69,951.93615,465.83,24.75,29.19,951.12091,466.21
2021-04-27T19:45:22.606+00:00,50.8,1.2,1.2,1.2,1.225,0x0,47.074600,7.307700,11356.94,-5.00,57.83,257.33,24.54,31.59,951.94281,465.45,24.74,29.31,951.12429,466.49
2021-04-27T19:45:25.140+00:00,50.8,1.35,1.2,1.2,1.225,0x0,47.074600,7.307700,11015.00,-5.00,57.83,257.33,24.54,31.66,951.91953,465.72,24.74,29.26,951.10745,466.63
2021-04-27T19:45:27.660+00:00,50.8,1.35,1.2,1.2,1.225,0x0,47.074600,7.307700,10749.33,-5.00,57.83,257.33,24.58,31.57,951.94057,466.06,24.76,29.21,951.10227,466.49
2021-04-27T19:45:30.227+00:00,51.4,1.35,1.2,1.2,1.225,0x0,47.074600,7.307700,10573.93,-5.00,57.83,257.33,24.54,31.55,951.95113,465.74,24.73,29.20,951.10012,466.43
2021-04-27T19:45:32.745+00:00,51.9,1.35,1.2,1.2,1.225,0x0,47.074600,7.307700,10375.35,-5.00,57.83,257.33,24.54,31.55,951.93115,465.74,24.74,29.17,951.11025,466.33
2021-04-27T19:45:35.255+00:00,50.8,1.35,1.2,1.2,1.225,0x0,47.074600,7.307700,9903.84,-5.00,57.83,257.33,24.53,31.43,951.98774,465.59,24.74,29.21,951.09505,466.63
2021-04-27T19:45:37.789+00:00,51.9,1.35,1.2,1.2,1.225,0x0,47.074600,7.307700,9738.40,-5.00,57.83,257.33,24.57,31.58,951.95222,465.76,24.77,29.18,951.09499,466.25
2021-04-27T19:45:40.459+00:00,50.8,1.35,1.2,1.2,1.225,0x0,47.074600,7.307700,9615.31,-5.00,57.83,257.33,24.55,31.45,951.96277,465.97,24.74,29.26,951.09895,466.61
2021-04-27T19:45:42.984+00:00,50.8,1.35,1.2,1.2,1.225,0x0,47.074600,7.307700,9131.75,-5.00,57.83,257.33,24.54,31.59,951.94780,465.76,24.74,29.13,951.10012,466.72
2021-04-27T19:45:45.571+00:00,51.4,1.35,1.2,1.2,1.225,0x0,47.074600,7.307700,8985.98,-5.00,57.83,257.33,24.54,31.58,951.93614,465.64,24.74,29.28,951.12260,466.61
2021-04-27T19:45:48.098+00:00,51.4,1.35,1.2,1.2,1.225,0x0,47.074600,7.307700,8706.14,-5.00,57.83,257.33,24.58,31.49,951.96054,465.38,24.76,29.20,951.10845,466.50
2021-04-27T19:45:50.682+00:00,51.4,1.35,1.2,1.2,1.225,0x0,47.074600,7.307700,8570.89,-5.00,57.83,257.33,24.55,31.52,951.96277,465.73,24.75,29.23,951.12318,466.43
2021-04-27T19:45:53.201+00:00,51.4,1.2,1.2,1.2,1.225,0x0,47.074600,7.307700,8204.41,-5.00,57.83,257.33,24.53,31.57,951.95611,465.63,24.73,29.19,951.10349,466.64
2021-04-27T19:45:55.733+00:00,51.4,1.2,1.2,1.2,1.225,0x0,47.074600,7.307700,8035.17,-5.00,57.83,257.33,24.53,31.58,951.94446,466.02,24.73,29.34,951.12598,466.68
2021-04-27T19:45:58.257+00:00,50.8,1.2,1.2,1.2,1.225,0x0,47.074600,7.307700,7794.83,-5.00,57.83,257.33,24.59,31.64,951.98605,465.37,24.76,29.47,951.13722,466.20
2021-04-27T19:46:01.154+00:00,51.9,1.35,1.2,1.2,1.225,0x0,47.074600,7.307700,7283.71,-5.00,57.83,257.33,24.55,31.70,951.95444,465.61,24.74,29.29,951.09953,466.47
2021-04-27T19:46:03.693+00:00,50.8,1.35,1.2,1.2,1.225,0x0,47.074600,7.307700,7161.62,-5.00,57.83,257.33,24.53,31.63,951.94612,465.54,24.74,29.26,951.12207,466.49
2021-04-27T19:46:06.223+00:00,51.9,1.35,1.2,1.2,1.225,0x0,47.074600,7.307700,6941.60,-5.00,57.83,257.33,24.55,31.55,951.96277,465.74,24.74,29.12,951.10070,466.55
2021-04-27T19:46:08.719+00:00,50.8,1.35,1.2,1.2,1.225,0x0,47.074600,7.307700,6686.76,-5.00,57.83,257.33,24.54,31.51,951.95664,465.63,24.73,29.17,951.05964,466.55
2021-04-27T19:46:11.321+00:00,51.4,1.35,1.2,1.2,1.225,0x0,47.074600,7.307700,6196.60,-5.00,57.83,257.33,24.54,31.27,951.96277,465.48,24.75,29.21,951.12260,466.34
2021-04-27T19:46:13.936+00:00,51.4,1.2,1.2,1.2,1.225,0x0,47.074600,7.307700,6019.80,-5.00,57.83,257.33,24.53,31.67,951.94946,465.61,24.74,29.20,951.10687,466.55
2021-04-27T19:46:16.468+00:00,51.4,1.2,1.2,1.2,1.225,0x0,47.074600,7.307700,5849.37,-5.00,57.83,257.33,24.54,31.51,951.97775,465.71,24.73,29.31,951.10745,466.59
2021-04-27T19:46:19.035+00:00,50.8,1.2,1.2,1.2,1.225,0x0,47.074600,7.307700,5575.64,-5.00,57.83,257.33,24.53,31.60,951.99215,465.44,24.74,29.22,951.12079,466.34
2021-04-27T19:46:21.709+00:00,51.9,1.35,1.2,1.2,1.225,0x0,47.074600,7.307700,5201.32,-5.00,57.83,257.33,24.55,31.53,951.93782,465.83,24.73,29.16,951.09278,467.00
2021-04-27T19:46:24.255+00:00,51.4,1.2,1.2,1.2,1.225,0x0,47.074600,7.307700,5051.49,-5.00,57.83,257.33,24.53,31.58,951.98939,465.67,24.73,29.18,951.07985,466.95
2021-04-27T19:46:26.788+00:00,50.8,1.2,1.2,1.2,1.225,0x0,47.074600,7.307700,4864.45,-5.00,57.83,257.33,24.55,31.51,951.97442,465.54,24.74,29.19,951.09505,466.54
2021-04-27T19:46:29.323+00:00,50.8,1.2,1.2,1.2,1.225,0x0,47.074600,7.307700,4418.45,-5.00,57.83,257.33,24.53,31.56,951.94087,465.67,24.73,29.12,951.08829,466.49
2021-04-27T19:46:31.925+00:00,51.4,1.35,1.2,1.2,1.225,0x0,47.074600,7.307700,4276.19,-5.00,57.83,257.33,24.55,31.52,951.96944,465.96,24.75,29.22,951.08882,466.40
2021-04-27T19:46:34.471+00:00,52.5,1.35,1.2,1.2,1.225,0x0,47.074600,7.307700,4030.61,-5.00,57.83,257.33,24.55,31.55,951.95611,465.83,24.74,29.23,951.08096,466.80
2021-04-27T19:46:36.982+00:00,50.8,1.35,1.2,1.2,1.225,0x0,47.074600,7.307700,3846.73,-5.00,57.83,257.33,24.54,31.46,951.94945,465.96,24.74,29.14,951.09447,466.62
2021-04-27T19:46:39.510+00:00,50.8,1.2,1.2,1.2,1.225,0x0,47.074600,7.307700,3497.78,-5.00,57.83,257.33,24.53,31.49,951.99188,465.32,24.73,29.24,951.10518,466.44
2021-04-27T19:46:42.185+00:00,52.5,1.35,1.2,1.2,1.225,0x0,47.074600,7.307700,3353.43,-5.00,57.83,257.33,24.55,31.57,951.97413,465.71,24.75,29.18,951.13046,466.44
2021-04-27T19:46:44.725+00:00,50.8,1.35,1.2,1.2,1.225,0x0,47.074600,7.307700,3101.15,-5.00,57.83,257.33,24.53,31.56,951.98302,465.44,24.74,29.27,951.07932,466.64
2021-04-27T19:46:47.320+00:00,52.5,1.35,1.2,1.2,1.225,0x0,47.074600,7.307700,2643.13,-5.00,57.83,257.33,24.53,31.59,951.95806,465.53,24.74,29.18,951.07985,466.64
2021-04-27T19:46:49.850+00:00,51.4,1.2,1.2,1.2,1.225,0x0,47.074600,7.307700,2366.87,-5.00,57.83,257.33,24.53,31.51,951.98052,465.42,24.72,29.18,951.09546,466.81
2021-04-27T19:46:52.519+00:00,51.9,1.35,1.2,1.2,1.225,0x0,47.074600,7.307700,2212.95,-5.00,57.83,257.33,24.55,31.54,951.94945,465.65,24.73,29.21,951.09220,466.62
